Country of Origin,Farm Name,Lot Number,Mill,ICO Number,Company,Altitude,Region,Producer,Number of Bags,Bag Weight,In-Country Partner,Harvest Year,Grading Date,Owner,Variety,Status,Processing Method,Fragrance / Aroma,Flavor,Aftertaste,Salt / Acid,Bitter / Sweet,Mouthfeel,Uniform Cup,Clean Cup,Balance,Overall,Defects,Total Cup Points,Moisture,Category One Defects,Quakers,Color,Category Two Defects,NA,Expiration,Certification Body,Certification Address,Certification Contact
Vietnam,Tinh Farm,Nat01,drying,,Vietnam,560,daklak,Tinh Farm,6,60 kg,STONE VILLAGE LAB VIETNAM,2025,"August 7th, 2025",Tinh Farm,,Completed,Natural / Dry,8.67,8.58,8.42,8.42,8.5,8.33,10.0,10.0,8.5,8.58,0.0,88.0,11.9 %,0 full defects,0,Pale Yellow,0 full defects,,"August 7th, 2026",STONE VILLAGE LAB VIETNAM,THỊ TRẤN MĂNG ĐEN,STONE VILLAGE LAB VIETNAM - 0966005189
Vietnam,HAYA BEAN,HAYA 1,dry mill,,HAYA BEAN,700-900,Huyện Đak Đoa,HAYA BEAN,21,60 kg,STONE VILLAGE LAB VIETNAM,2024 / 2025,"May 19th, 2025",namyangcoopvn,SẺ,Completed,Natural / Dry,8.58,8.5,8.42,8.42,8.42,8.33,10.0,10.0,8.42,8.42,0.0,87.5,10.6 %,0 full defects,1,Blue-Green,1 full defects,,"May 19th, 2026",STONE VILLAGE LAB VIETNAM,THỊ TRẤN MĂNG ĐEN,STONE VILLAGE LAB VIETNAM - 0966005189
Thailand,Leepee coffee,500,แปรรูป,,เกษตรกร,900,ภาคเหนือ,dry,20,8 kg,Specialty Coffee Institute of Thailand,2025,"August 26th, 2025",อาโช พิสัยเลิศ,,Completed,Natural / Dry,8.5,8.25,8.33,8.5,8.17,8.17,10.0,10.0,8.25,8.33,0.0,86.5,13.7 %,0 full defects,0,Pale Yellow,1 full defects,,"August 26th, 2026",Specialty Coffee Institute of Thailand,"No.76-82 Satri Wittaya 2 Soi 6, Ladplao, Bangkok 10230 Thailand","Rinlapat Siwachairot - +66 2 118 0811, +66 926462492"
Thailand,Khunmuab coffee,R0012,Khunmuab coffee,,Khunmuab coffee,300,Nan,Nikom Wongtan,1,7 kg,SOCOF Lab,2024 / 2025,"October 2nd, 2025",Rittichai Sufu,K7,Completed,Natural / Dry,8.33,8.33,8.08,8.33,8.25,8.33,10.0,10.0,8.25,8.42,0.0,86.33,10.3 %,0 full defects,0,Yellow-Green,0 full defects,,"October 2nd, 2026",SOCOF Lab,"(Ministry of Roasters)199 Chang Moi , Mueng Chiang Mai, 53000 Thailand",Anuwat Kobnampetch - whatsapp +66 925524446
Vietnam,K'HO FINE ROBUSTA,RC1,"K""HO FINE ROBUSTA",,Babros Coffee Works,1200,"Don Duong, Lam Dong",K'HO FINE ROBUSTA,15,30 kg,STONE VILLAGE LAB VIETNAM,2025,"May 5th, 2025",BABROS COFFEE WORKS,CaDay,Completed,Yeast fermentation natural,8.25,8.42,8.17,8.25,8.33,8.25,10.0,10.0,8.25,8.33,0.0,86.25,12 %,0 full defects,1,Brownish,0 full defects,,"May 5th, 2026",STONE VILLAGE LAB VIETNAM,THỊ TRẤN MĂNG ĐEN,STONE VILLAGE LAB VIETNAM - 0966005189
Vietnam,True Cafe,2025,Vina Special True Cafe,,Vina Special True Cafe,850,Gia Lai,Vina Special True Cafe,1,60 kg,HQJ Coffee School,2024 / 2025,"April 7th, 2025",TRUE CAFE,Robusta,Completed,Natural / Dry,8.17,8.25,8.25,8.25,8.17,8.08,10.0,10.0,8.25,8.83,0.0,86.25,11.7 %,0 full defects,0,Green,1 full defects,,"April 7th, 2026",HQJ Coffee School,"738 Su Van Hanh Ward 12, District 10 Hochiminh City Vietnam",Sam Choi - +84 906662008
Thailand,Khao Pra Jao,KPJFG01,Dry Mill,,Coffee,150,Thasae,santisuk phutprom,2,100 kg,Specialty Coffee Institute of Thailand,2024 / 2025,"August 26th, 2025",Santisuk Phutprom,,Completed,Natural / Dry,8.33,8.5,8.42,8.17,8.25,8.0,10.0,10.0,8.25,8.33,0.0,86.25,11.1 %,0 full defects,0,Yellow-Green,1 full defects,,"August 26th, 2026",Specialty Coffee Institute of Thailand,"No.76-82 Satri Wittaya 2 Soi 6, Ladplao, Bangkok 10230 Thailand","Rinlapat Siwachairot - +66 2 118 0811, +66 926462492"
Vietnam,Công ty TNHH CARABU COFFEE,R219,Công ty TNHH CARABU COFFEE,,"carabu coffee, co, ltd",500,Buôn Ma Thuột,Hoàng Mạnh Tường,4000,1 kg,HQJ Coffee School,2024 / 2025,"July 9th, 2025",carabu,Ro Sẻ,Completed,Natural / Dry,8.33,8.33,8.25,8.42,8.25,8.17,10.0,10.0,8.17,8.25,0.0,86.17,11 %,0 full defects,0,Green,0 full defects,,"July 9th, 2026",HQJ Coffee School,"738 Su Van Hanh Ward 12, District 10 Hochiminh City Vietnam",Sam Choi - +84 906662008
Vietnam,Công ty TNHH MEGARDEN COFFEE,R185,Công ty TNHH MEGARDEN COFFEE,,MeGarden Coffee,590,"Thôn 4, Xã Đắk Miu, TP Gia Nghĩa, Đắk Nông",Vũ Thành An,6000,1 kg,HQJ Coffee School,2024 / 2025,"July 9th, 2025",MeGarden Coffee,Mix,Completed,Natural / Dry,8.42,8.42,8.25,8.25,8.25,8.0,10.0,10.0,8.25,8.25,0.0,86.08,11 %,0 full defects,0,Green,0 full defects,,"July 9th, 2026",HQJ Coffee School,"738 Su Van Hanh Ward 12, District 10 Hochiminh City Vietnam",Sam Choi - +84 906662008
Cambodia,MALLIKA,MALLIKA Lot #1994,Paul Coffee & Roastery Lab,,Paul Coffee & Roastery Lab,150,MEMOT,Oung Vuch Chhe,30,30 kg,Taiwan Coffee Laboratory 台灣咖啡研究室,2024 / 2025,"September 3rd, 2025","HSU,PO-HAN 許博涵",,Completed,Natural / Dry,8.33,8.17,8.17,8.25,8.5,8.17,10.0,10.0,8.25,8.17,0.0,86.0,11.1 %,0 full defects,0,Pale Yellow,3 full defects,,"September 3rd, 2026",Taiwan Coffee Laboratory 台灣咖啡研究室,"QAHWAH CO., LTD 4F, No. 225, Sec. 3, Beixin Rd., Xindian Dist. New Taipei City, Taiwan","Lin, Jen-An Neil 林仁安 - 886-289116612"
Vietnam,An Coffee Farm,R963,An Coffee Farm,,Ca phe chat luong cao Lam Ha co.ltd,980-1100,"Hoài Đức, Lâm Hà, Lâm Đồng",Nguyễn Thị Phương Anh,105,1 kg,HQJ Coffee School,2024 / 2025,"July 9th, 2025",An Coffee Farm Viet Nam,Búp tím,Completed,Natural / Dry,8.25,8.42,8.25,8.25,8.25,8.08,10.0,10.0,8.17,8.33,0.0,86.0,11 %,0 full defects,0,Green,0 full defects,,"July 9th, 2026",HQJ Coffee School,"738 Su Van Hanh Ward 12, District 10 Hochiminh City Vietnam",Sam Choi - +84 906662008
Thailand,slkcoffee,N1225,slkcoffee,,slkcoffee,80,Chomphon,Thanasit Soonsupha,1,8 kg,SOCOF Lab,2020 / 2021,"October 2nd, 2025",slkcoffee,K7,Completed,Natural / Dry,8.25,8.33,8.08,8.17,8.33,8.17,10.0,10.0,8.25,8.33,0.0,85.92,10.4 %,0 full defects,0,Brownish,0 full defects,,"October 2nd, 2026",SOCOF Lab,"(Ministry of Roasters)199 Chang Moi , Mueng Chiang Mai, 53000 Thailand",Anuwat Kobnampetch - whatsapp +66 925524446
Thailand,Fine Buster,1,Dry,,Fine Buster,1300,นครเทิง,Mujarin Opaso,2,10 kg,Specialty Coffee Institute of Thailand,2022 / 2023,"November 7th, 2024",Mujarin Opaso,,Completed,Natural / Dry,8.17,8.08,8.0,8.17,8.25,8.08,10.0,10.0,8.17,8.92,0.0,85.83,9.4 %,0 full defects,0,yellowish,0 full defects,,"November 7th, 2025",Specialty Coffee Institute of Thailand,"No.76-82 Satri Wittaya 2 Soi 6, Ladplao, Bangkok 10230 Thailand","Rinlapat Siwachairot - +66 2 118 0811, +66 926462492"
Vietnam,Công ty TNHH Minudo Farm - Care,R642,Công ty TNHH Minudo Farm - Care,,,800,Đắk Lắk,Lê Đình Tư,3000,1 kg,HQJ Coffee School,2024 / 2025,"July 9th, 2025",Aeroco coffee,TR9,Completed,Natural / Dry,8.42,8.33,8.17,8.25,8.17,8.08,10.0,10.0,8.17,8.25,0.0,85.83,11 %,0 full defects,0,Green,0 full defects,,"July 9th, 2026",HQJ Coffee School,"738 Su Van Hanh Ward 12, District 10 Hochiminh City Vietnam",Sam Choi - +84 906662008
Vietnam,Công ty TNHH CARABU COFFEE,R826,Công ty TNHH CARABU COFFEE,,"carabu coffee, co, ltd",500,Buôn Ma Thuột,Hoàng Mạnh Tường,18000,1 kg,HQJ Coffee School,2024 / 2025,"July 9th, 2025",carabu,Ro Sẻ,Completed,Natural / Dry,8.5,8.33,8.17,8.25,8.17,8.0,10.0,10.0,8.08,8.25,0.0,85.75,11 %,0 full defects,0,Green,0 full defects,,"July 9th, 2026",HQJ Coffee School,"738 Su Van Hanh Ward 12, District 10 Hochiminh City Vietnam",Sam Choi - +84 906662008
Vietnam,K'ho Fine Robusta,R775,K'ho Fine Robusta,,Dancafe,1000-1200,"Ka Đơn, Đơn Dương, Lâm Đồng",Trần Vũ Mỹ Trinh,30000,1 kg,HQJ Coffee School,2024 / 2025,"July 9th, 2025",Danh Nguyen,Cà dây,Completed,Natural / Dry,8.33,8.25,8.17,8.17,8.33,8.17,10.0,10.0,8.17,8.17,0.0,85.75,11 %,0 full defects,0,Green,0 full defects,,"July 9th, 2026",HQJ Coffee School,"738 Su Van Hanh Ward 12, District 10 Hochiminh City Vietnam",Sam Choi - +84 906662008
Thailand,Pumma Farm,2567-2568/03,Pumma Farm,,"PUMMA FARM CO., LTD.",79,Chumphon,Supaporn Pummin,3,8 kg,SOCOF Lab,2024 / 2025,"October 2nd, 2025",Supaporn Pumnin,,Completed,Natural / Dry,8.33,8.33,8.0,8.17,8.08,8.17,10.0,10.0,8.25,8.33,0.0,85.67,11.7 %,0 full defects,0,Brownish,0 full defects,,"October 2nd, 2026",SOCOF Lab,"(Ministry of Roasters)199 Chang Moi , Mueng Chiang Mai, 53000 Thailand",Anuwat Kobnampetch - whatsapp +66 925524446
Vietnam,Soul Fine Robusta,R914,Soul Fine Robusta,,"Songlinh Co., Ltd",600-650,Đắk Lắk,Hứa Tiểu Linh,10000,1 kg,HQJ Coffee School,2024 / 2025,"July 9th, 2025",SOUL FINE ROBUSTA Vietnam,TR,Completed,Natural / Dry,8.25,8.33,8.17,8.17,8.25,8.17,10.0,10.0,8.0,8.33,0.0,85.67,11 %,0 full defects,0,Green,0 full defects,,"July 9th, 2026",HQJ Coffee School,"738 Su Van Hanh Ward 12, District 10 Hochiminh City Vietnam",Sam Choi - +84 906662008
Vietnam,Bui Origin,R998,Bui Origin,,Bui Coffee Supply,1080,"Thôn Hang Hớt, Thị Trấn Mê Linh, Huyện Lâm Hà, Lâm Đồng",Bùi Cảnh,10000,1 kg,HQJ Coffee School,2024 / 2025,"July 9th, 2025",Bui Canh,TR,Completed,Natural / Dry,8.25,8.33,8.17,8.33,8.17,8.08,10.0,10.0,8.08,8.17,0.0,85.58,10.7 %,0 full defects,0,Green,0 full defects,,"July 9th, 2026",HQJ Coffee School,"738 Su Van Hanh Ward 12, District 10 Hochiminh City Vietnam",Sam Choi - +84 906662008
Thailand,Sang Tong Farm,ICP2025/R003,Jangki Coffee Company,,Jangki Coffee,500,ตาก,Athit Sangtow,1,8 kg,Specialty Coffee Institute of Thailand,2024 / 2025,"August 26th, 2025",Athit Sangtow,Robusta,Completed,Natural / Dry,8.25,8.25,7.92,8.42,8.5,8.08,10.0,10.0,8.08,8.08,0.0,85.58,12.2 %,0 full defects,0,Pale Yellow,2 full defects,,"August 26th, 2026",Specialty Coffee Institute of Thailand,"No.76-82 Satri Wittaya 2 Soi 6, Ladplao, Bangkok 10230 Thailand","Rinlapat Siwachairot - +66 2 118 0811, +66 926462492"
Cambodia,PIDA COFFEE FARM,RO1,PIDA COFFEE FARM,,Babros Coffee Works,700,Mondulkiri,PIDA COFFEE FARM,30,30 kg,STONE VILLAGE LAB VIETNAM,2024 / 2025,"March 24th, 2025",BABROS COFFEE WORKS,,Completed,Anaerobic natural,8.17,8.08,8.17,8.25,8.33,8.17,10.0,10.0,8.25,8.17,0.0,85.58,12 %,0 full defects,1,Blue-Green,0 full defects,,"March 24th, 2026",STONE VILLAGE LAB VIETNAM,THỊ TRẤN MĂNG ĐEN,STONE VILLAGE LAB VIETNAM - 0966005189
Vietnam,LIKEFARM,R112,LIKEFARM,,Hợp tác xã Liên Kết,950,"Lâm Hà, Lâm Đồng",Mai Nguyễn Quốc Thắng,1500,1 kg,HQJ Coffee School,2024 / 2025,"July 9th, 2025",Mai Nguyen Quoc Thang,TR4,Completed,Natural / Dry,8.33,8.17,8.17,8.33,8.17,8.08,10.0,10.0,8.08,8.17,0.0,85.5,11 %,0 full defects,0,Green,0 full defects,,"July 9th, 2026",HQJ Coffee School,"738 Su Van Hanh Ward 12, District 10 Hochiminh City Vietnam",Sam Choi - +84 906662008
Cameroon,Ze Filbert,AYOS 2024,Martin Nantcha,,AYOS Coffee GmbH,700,AYOS Cameroon,AYOS Coffee,10,60 kg,NKG Quality Service (a division of Bernhard Rothfos Intercafé AG),2024 / 2025,"December 30th, 2024",Mvongo Jean-Paul,Timor,Completed,Natural / Dry,8.08,8.17,8.0,8.25,8.33,8.17,10.0,10.0,8.25,8.25,0.0,85.5,10.9 %,0 full defects,0,Yellow-green,0 full defects,,"December 30th, 2025",NKG Quality Service (a division of Bernhard Rothfos Intercafé AG),"Bahnhofstrasse 22 6300 Zug, Switzerland",Catherine Queiroz - +41 41 728 72 81
Vietnam,TAMBA FARM,TAMBA 01,dry mill,,Tamba company,700-900,Gia Lai,TAMBA FARM,1,2 kg,STONE VILLAGE LAB VIETNAM,2024 / 2025,"September 22nd, 2025",LUU VINH QUANG,robusta,Completed,Pulped natural / honey,8.25,8.17,8.08,8.08,8.17,8.08,10.0,10.0,8.17,8.25,0.0,85.25,12.1 %,0 full defects,0,Blue-Green,0 full defects,,"September 22nd, 2026",STONE VILLAGE LAB VIETNAM,THỊ TRẤN MĂNG ĐEN,STONE VILLAGE LAB VIETNAM - 0966005189
Vietnam,EaTan Cooperative,N1,Dry,,SIMEXCO DAKLAK LTD,850,Đắk Lắk,Hợp tác xã Ea Tân,35,60 kg,STONE VILLAGE LAB VIETNAM,2024 / 2025,"September 29th, 2025",Simexco DakLak,TR9,Completed,Natural / Dry,8.5,8.17,8.0,8.17,8.17,8.0,10.0,10.0,8.08,8.17,0.0,85.25,11.8 %,0 full defects,0,Bluish-Green,0 full defects,,"September 29th, 2026",STONE VILLAGE LAB VIETNAM,THỊ TRẤN MĂNG ĐEN,STONE VILLAGE LAB VIETNAM - 0966005189
Vietnam,Mori Coffee Farm,R334,Mori Coffee Farm,,Dancafe,700,"Gia Lai, Chư Prong",Trần Thị Bích Ngọc,40000,1 kg,HQJ Coffee School,2024 / 2025,"July 9th, 2025",Danh Nguyen,TR4,Completed,Natural / Dry,8.25,8.25,8.08,8.25,8.17,8.0,10.0,10.0,8.0,8.17,0.0,85.17,11.2 %,0 full defects,0,Green,0 full defects,,"July 9th, 2026",HQJ Coffee School,"738 Su Van Hanh Ward 12, District 10 Hochiminh City Vietnam",Sam Choi - +84 906662008
Vietnam,Tamba company,TAMBA NATURAL VRF,dry mill,,Tamba company,700-900,Gia Lai,Tamba company,50,60 kg,STONE VILLAGE LAB VIETNAM,2024 / 2025,"May 22nd, 2025",LUU VINH QUANG,,Completed,Natural / Dry,8.25,8.0,8.08,8.17,8.17,8.17,10.0,10.0,8.17,8.08,0.0,85.08,11.5 %,0 full defects,0,Green,0 full defects,,"May 22nd, 2026",STONE VILLAGE LAB VIETNAM,THỊ TRẤN MĂNG ĐEN,STONE VILLAGE LAB VIETNAM - 0966005189
Vietnam,Đạm Coffee Farm,R135,Đạm Coffee Farm,,Đạm Coffee Farm,600,Đắk Lắk,Nguyễn Thị Trân Châu Ngọc,10000,1 kg,HQJ Coffee School,2024 / 2025,"July 9th, 2025",Nguyen Thi Tran Chau Ngoc,TR,Completed,Natural / Dry,8.42,8.17,8.0,8.17,8.17,8.0,10.0,10.0,8.08,8.08,0.0,85.08,11.1 %,0 full defects,0,Green,0 full defects,,"July 9th, 2026",HQJ Coffee School,"738 Su Van Hanh Ward 12, District 10 Hochiminh City Vietnam",Sam Choi - +84 906662008
Vietnam,Mori Coffee Farm,R667,Mori Coffee Farm,,Dancafe,700,"Gia Lai, Chư Prong",Trần Thị Bích Ngọc,40000,1 kg,HQJ Coffee School,2024 / 2025,"July 9th, 2025",Danh Nguyen,TR4,Completed,Washed / Wet,8.17,8.25,8.0,8.25,8.08,8.08,10.0,10.0,8.0,8.17,0.0,85.0,10.7 %,0 full defects,0,Green,0 full defects,,"July 9th, 2026",HQJ Coffee School,"738 Su Van Hanh Ward 12, District 10 Hochiminh City Vietnam",Sam Choi - +84 906662008
Vietnam,8Ro Company,R468,8Ro Company,,8RoCompany,800,"Quảng Tín, Đăk Rlấp, Đắk Nông",Đinh Tiên Bảo San,25000,1 kg,HQJ Coffee School,2024 / 2025,"July 9th, 2025",Đinh Tiên Bảo San,Mix,Completed,Natural / Dry,8.42,8.17,8.0,8.25,8.08,8.0,10.0,10.0,8.0,8.08,0.0,85.0,11 %,0 full defects,0,Green,0 full defects,,"July 9th, 2026",HQJ Coffee School,"738 Su Van Hanh Ward 12, District 10 Hochiminh City Vietnam",Sam Choi - +84 906662008
Vietnam,Công ty TNHH Dịch vụ và Thương mại Tài Đức,R009,Công ty TNHH Dịch vụ và Thương mại Tài Đức,,Dancafe,710,"Đồi Sót, Đức Minh, Đức Minh, Đắk Nông",Lương Thị Hương,8000,1 kg,HQJ Coffee School,2024 / 2025,"July 9th, 2025",Danh Nguyen,Xanh lùn,Completed,Natural / Dry,8.33,8.17,7.92,8.17,8.17,8.0,10.0,10.0,8.08,8.17,0.0,85.0,10.9 %,0 full defects,0,Green,0 full defects,,"July 9th, 2026",HQJ Coffee School,"738 Su Van Hanh Ward 12, District 10 Hochiminh City Vietnam",Sam Choi - +84 906662008
Vietnam,Công ty TNHH Cà Phê Tôi Yêu - The Cil Coffee,R638,Công ty TNHH Cà Phê Tôi Yêu - The Cil Coffee,,The CiL Coffee,700,"Đức Trọng, Lâm Đồng",Phạm Hồ Nam,10000,1 kg,HQJ Coffee School,2024 / 2025,"July 9th, 2025",Nam H. Pham,Thiện trường & xanh lùn,Completed,Natural / Dry,8.42,8.17,7.92,8.17,8.08,8.08,10.0,10.0,8.08,8.08,0.0,85.0,11 %,0 full defects,0,Green,0 full defects,,"July 9th, 2026",HQJ Coffee School,"738 Su Van Hanh Ward 12, District 10 Hochiminh City Vietnam",Sam Choi - +84 906662008
Vietnam,The Espresso Farm,02,Dry mil,,The Espresso,900,Lâm Hà,the espresso farm,30,60 kg,STONE VILLAGE LAB VIETNAM,2024 / 2025,"May 15th, 2025",Tran Le Duc,,Completed,Natural / Dry,8.08,8.0,8.08,8.08,8.25,8.17,10.0,10.0,8.25,8.08,0.0,85.0,12 %,0 full defects,0,Green,0 full defects,,"May 15th, 2026",STONE VILLAGE LAB VIETNAM,THỊ TRẤN MĂNG ĐEN,STONE VILLAGE LAB VIETNAM - 0966005189
Vietnam,LIKEFARM,R753,LIKEFARM,,Hợp tác xã Liên Kết,950,"Lâm Hà, Lâm Đồng",Mai Nguyễn Quốc Thắng,4000,1 kg,HQJ Coffee School,2024 / 2025,"July 9th, 2025",Mai Nguyen Quoc Thang,TR4,Completed,Washed / Wet,8.25,8.17,8.08,8.08,8.08,8.08,10.0,10.0,8.08,8.08,0.0,84.92,11 %,0 full defects,0,Green,0 full defects,,"July 9th, 2026",HQJ Coffee School,"738 Su Van Hanh Ward 12, District 10 Hochiminh City Vietnam",Sam Choi - +84 906662008
Vietnam,"Song Linh Co., Ltd",5,Song Linh,,"Songlinh Co., Ltd",650,"Buon Ma Thuot, Dak Lak",Soul Fine Robusta,10,60 kg,HQJ Coffee School,2024 / 2025,"April 7th, 2025",SOUL FINE ROBUSTA Vietnam,,Completed,Natural / Dry,8.33,8.33,8.0,8.0,8.0,8.0,10.0,10.0,8.08,8.08,0.0,84.83,13.1 %,0 full defects,0,Green,0 full defects,,"April 7th, 2026",HQJ Coffee School,"738 Su Van Hanh Ward 12, District 10 Hochiminh City Vietnam",Sam Choi - +84 906662008
Vietnam,NÔNG TRẠI CÀ PHÊ CHÍN EA TÂN,1,CT COFFEE VN,,Vietnam Coffee & Tea Import Export Joint Stock Company,860,"Thôn Quang Trung, xã Ea Tân, Huyện Krong Năng, Tỉnh Đăk Lăk",CT COFFEE VN,10,30 kg,STONE VILLAGE LAB VIETNAM,2024 / 2025,"July 1st, 2025",CT Coffee VN,,Completed,Natural Anaerobic Deep Fermentation,8.33,8.17,8.08,8.08,8.0,8.0,10.0,10.0,8.0,8.08,0.0,84.75,11.7 %,0 full defects,1,Yellowish,0 full defects,,"July 1st, 2026",STONE VILLAGE LAB VIETNAM,THỊ TRẤN MĂNG ĐEN,STONE VILLAGE LAB VIETNAM - 0966005189
Thailand,phutawan farm,1,dry mill,-,Phutawan Robusta krabi,167,south,jaree,1,8 kg,Specialty Coffee Institute of Thailand,2024 / 2025,"August 26th, 2025",Jaree Manob,Mocha,Completed,Pulped natural / honey,8.17,8.0,7.92,8.08,8.08,8.17,10.0,10.0,8.17,8.17,0.0,84.75,10.6 %,0 full defects,0,Greenish,0 full defects,,"August 26th, 2026",Specialty Coffee Institute of Thailand,"No.76-82 Satri Wittaya 2 Soi 6, Ladplao, Bangkok 10230 Thailand","Rinlapat Siwachairot - +66 2 118 0811, +66 926462492"
Vietnam,Công ty TNHH Cà phê Chất Lượng Cao Lâm Hà,R702,Công ty TNHH Cà phê Chất Lượng Cao Lâm Hà,,CONG TY TNHH CA PHE CHAT LUONG CAO LAM HA,980-1100,"Hoài Đức, Lâm Hà, Lâm Đồng",Nguyễn Hải Duyên Anh,60,1 kg,HQJ Coffee School,2024 / 2025,"July 9th, 2025",CONG TY TNHH CA PHE CHAT LUONG CAO LAM HA,Búp tím,Completed,Natural / Dry,8.25,8.25,7.92,8.0,8.17,8.08,10.0,10.0,7.92,8.08,0.0,84.67,11 %,0 full defects,0,Green,0 full defects,,"July 9th, 2026",HQJ Coffee School,"738 Su Van Hanh Ward 12, District 10 Hochiminh City Vietnam",Sam Choi - +84 906662008
Vietnam,Công ty TNHH MEGARDEN COFFEE,R357,Công ty TNHH MEGARDEN COFFEE,,MeGarden Coffee,590,"Thôn 4, Xã Đắk Miu, TP Gia Nghĩa, Đắk Nông",Vũ Thành An,6000,1 kg,HQJ Coffee School,2024 / 2025,"July 9th, 2025",MeGarden Coffee,Mix,Completed,Natural / Dry,8.08,8.0,8.0,8.0,8.17,8.08,10.0,10.0,8.0,8.08,0.0,84.42,11 %,0 full defects,0,Green,0 full defects,,"July 9th, 2026",HQJ Coffee School,"738 Su Van Hanh Ward 12, District 10 Hochiminh City Vietnam",Sam Choi - +84 906662008
Vietnam,Công ty TNHH MTV Rẫy Rừng,R105,Công ty TNHH MTV Rẫy Rừng,,Ray Rung Limited Company,1400,"Thôn Đắk Bờ Rồ, Xã Đắk Tăng, Huyện Kon Plông, Tỉnh Kon Tum",Bùi Lê Băng,1500,1 kg,HQJ Coffee School,2024 / 2025,"July 9th, 2025",Thang Ho Hoang Minh,Mix,Completed,Natural / Dry,8.17,8.0,7.83,8.17,8.08,8.0,10.0,10.0,8.0,8.17,0.0,84.42,11 %,0 full defects,0,Green,0 full defects,,"July 9th, 2026",HQJ Coffee School,"738 Su Van Hanh Ward 12, District 10 Hochiminh City Vietnam",Sam Choi - +84 906662008
Thailand,Tha Khien Farm,2025,HH Dry Mill,,Horizon Harvest,800-900,"Mae Kha Ning, Wiang Sa, Nan",Khien,1,20 kg,Specialty Coffee Institute of Thailand,2025,"August 26th, 2025",Chawanrat Tengtriratana,Robusta,Completed,Natural / Dry,7.58,8.0,8.0,8.25,8.08,8.17,10.0,10.0,8.17,8.17,0.0,84.42,10.6 %,0 full defects,0,Green,1 full defects,,"August 26th, 2026",Specialty Coffee Institute of Thailand,"No.76-82 Satri Wittaya 2 Soi 6, Ladplao, Bangkok 10230 Thailand","Rinlapat Siwachairot - +66 2 118 0811, +66 926462492"
Vietnam,Soul Fine Robusta,R358,Soul Fine Robusta,,"Songlinh Co., Ltd",600-650,Đắk Lắk,Hứa Tiểu Linh,10000,1 kg,HQJ Coffee School,2024 / 2025,"July 9th, 2025",SOUL FINE ROBUSTA Vietnam,Xanh lùn,Completed,Natural / Dry,8.33,8.17,7.83,8.17,8.0,7.92,10.0,10.0,7.83,8.08,0.0,84.33,11 %,0 full defects,0,Green,0 full defects,,"July 9th, 2026",HQJ Coffee School,"738 Su Van Hanh Ward 12, District 10 Hochiminh City Vietnam",Sam Choi - +84 906662008
Vietnam,"Song Linh Co., Ltd",7,Song Linh,,"Songlinh Co., Ltd",650,"Buon Ma Thuot, Dak Lak",Soul Fine Robusta,20,60 kg,HQJ Coffee School,2024 / 2025,"April 7th, 2025",SOUL FINE ROBUSTA Vietnam,,Completed,Natural anaerobic,8.17,8.08,8.0,8.0,7.92,8.0,10.0,10.0,8.0,7.92,0.0,84.08,12.9 %,0 full defects,0,Green,0 full defects,,"April 7th, 2026",HQJ Coffee School,"738 Su Van Hanh Ward 12, District 10 Hochiminh City Vietnam",Sam Choi - +84 906662008
Vietnam,Công ty Lan Sơn Lâm Đồng,01,Dry mill,,LAN SON LAM DONG COMPANY LIMITED,900,"Hoài Đức, Lâm Hà, Lâm Đồng",Lê Quang Tuấn,13,60 kg,HQJ Coffee School,2020 / 2021,"April 7th, 2025",LE QUANG TUAN,Robusta,Completed,Natural / Dry,8.0,8.08,8.08,8.0,7.83,8.0,10.0,10.0,8.0,7.92,0.0,83.92,10.9 %,0 full defects,0,Green,0 full defects,,"April 7th, 2026",HQJ Coffee School,"738 Su Van Hanh Ward 12, District 10 Hochiminh City Vietnam",Sam Choi - +84 906662008
Vietnam,"Song Linh Co., Ltd",6,Song Linh,,"Songlinh Co., Ltd",650,"Buon Ma Thuot, Dak Lak",Soul Fine Robusta,19,60 kg,HQJ Coffee School,2024 / 2025,"April 7th, 2025",SOUL FINE ROBUSTA Vietnam,,Completed,Pulped natural / honey,7.92,7.92,8.0,8.17,8.08,7.83,10.0,10.0,8.0,8.0,0.0,83.92,10.6 %,0 full defects,0,Green,1 full defects,,"April 7th, 2026",HQJ Coffee School,"738 Su Van Hanh Ward 12, District 10 Hochiminh City Vietnam",Sam Choi - +84 906662008
Vietnam,FiRo Group,FiRo anaerobic Natural 24/25,Fine Robusta Vietnam,,Fine Robusta Vietnam,500-600,Gia Lai,Fine Robusta Vietnam,5150,60 kg,HQJ Coffee School,2024 / 2025,"April 7th, 2025",FiRo Academy,Heirloom,Completed,Anaerobic Natural,7.92,7.83,7.83,8.08,8.08,8.0,10.0,10.0,8.0,8.0,0.0,83.75,13.1 %,0 full defects,0,Green,1 full defects,,"April 7th, 2026",HQJ Coffee School,"738 Su Van Hanh Ward 12, District 10 Hochiminh City Vietnam",Sam Choi - +84 906662008
Thailand,Community enterprise of farmers group Nam Phang Subdistrict,1,Cleaning,,Community enterprise of farmers group Nam Phang Subdistrict,579,Nan,Pawonwich Khamhom,1,8 kg,Specialty Coffee Institute of Thailand,2024 / 2025,"August 26th, 2025",Pawonwich Khamhom,,Completed,Natural / Dry,8.17,8.08,7.92,7.92,8.0,7.67,10.0,10.0,7.83,8.0,0.0,83.58,11.2 %,0 full defects,0,Yellow-Green,3 full defects,,"August 26th, 2026",Specialty Coffee Institute of Thailand,"No.76-82 Satri Wittaya 2 Soi 6, Ladplao, Bangkok 10230 Thailand","Rinlapat Siwachairot - +66 2 118 0811, +66 926462492"
Vietnam,Tamba company,TAMBA 01 HONEY YELLOW,dry mill,,Tamba company,700-900,Gia Lai,Tamba company,166,60 kg,STONE VILLAGE LAB VIETNAM,2024 / 2025,"May 22nd, 2025",LUU VINH QUANG,ROBUSTA,Completed,Pulped natural / honey,7.83,7.75,8.0,7.92,7.92,8.08,10.0,10.0,8.0,8.0,0.0,83.5,11.7 %,0 full defects,0,Green,1 full defects,,"May 22nd, 2026",STONE VILLAGE LAB VIETNAM,THỊ TRẤN MĂNG ĐEN,STONE VILLAGE LAB VIETNAM - 0966005189
Vietnam,Gaia Farms,221142,Hulling Facility,,Brew Baby Coffee Company,5400,"Lam Dong Province, Vietnam",Viet Coffee Company Limited,1,1 kg,Firedancer Coffee Consultants,2024 / 2025,"April 8th, 2025",Brew baby Coffee Company,Catimor,Completed,Natural / Dry,7.92,7.92,7.75,7.75,8.17,8.08,10.0,10.0,8.0,7.92,0.0,83.5,9.3 %,0 full defects,0,Yellowish,0 full defects,,"April 8th, 2026",Firedancer Coffee Consultants,"165 Commerce Drive, Ste 103",Firedancer Coffee Consultants -
Vietnam,LIKEFARM,R556,LIKEFARM,,Hợp tác xã Liên Kết,950,"Lâm Hà, Lâm Đồng",Mai Nguyễn Quốc Thắng,10000,1 kg,HQJ Coffee School,2024 / 2025,"August 18th, 2025",Mai Nguyen Quoc Thang,TR4,Completed,Pulped natural / honey,7.83,8.0,7.92,7.92,8.0,8.0,10.0,10.0,7.92,7.92,0.0,83.5,11 %,0 full defects,0,Green,0 full defects,,"August 18th, 2026",HQJ Coffee School,"738 Su Van Hanh Ward 12, District 10 Hochiminh City Vietnam",Sam Choi - +84 906662008
Vietnam,Nghĩa Farm,R763,Nghĩa Farm,,nghiafarm,880,Thôn 5 - Xã Nghĩa Hưng - Huyện Chư Pah - Tỉnh Gia Lai,Nguyễn Thị Thu Thảo,10000,1 kg,HQJ Coffee School,2024 / 2025,"August 18th, 2025",Nguyen Thi Thu Thao,TR4,Completed,Washed / Wet,8.0,7.92,7.75,7.92,8.0,7.92,10.0,10.0,7.92,8.0,0.0,83.42,11 %,0 full defects,0,Green,0 full defects,,"August 18th, 2026",HQJ Coffee School,"738 Su Van Hanh Ward 12, District 10 Hochiminh City Vietnam",Sam Choi - +84 906662008
Vietnam,8Ro Company,R405,8Ro Company,,8RoCompany,800,"Quảng Tín, Đăk Rlấp, Đắk Nông",Đinh Tiên Bảo San,25000,1 kg,HQJ Coffee School,2024 / 2025,"August 18th, 2025",Đinh Tiên Bảo San,Mix,Completed,Natural / Dry,8.25,7.92,7.83,7.92,7.92,7.83,10.0,10.0,7.83,7.92,0.0,83.42,11 %,0 full defects,0,Green,0 full defects,,"August 18th, 2026",HQJ Coffee School,"738 Su Van Hanh Ward 12, District 10 Hochiminh City Vietnam",Sam Choi - +84 906662008
Vietnam,TAMBA COFFEE FARM,R975,TAMBA COFFEE FARM,,Tamba company,880,"Chư Pah, Gia Lai",Bùi Thanh Thúy Vy,142000,1 kg,HQJ Coffee School,2024 / 2025,"August 18th, 2025",LUU VINH QUANG,TR4,Completed,Pulped natural / honey,8.08,8.0,7.92,7.92,7.83,7.83,10.0,10.0,7.92,7.83,0.0,83.33,11 %,0 full defects,0,Green,0 full defects,,"August 18th, 2026",HQJ Coffee School,"738 Su Van Hanh Ward 12, District 10 Hochiminh City Vietnam",Sam Choi - +84 906662008
Vietnam,PHUOC FARM,NA2,dry mill,,stone village lab,820-830,Gia Lai,PHUOC FARM,2,2 kg,STONE VILLAGE LAB VIETNAM,2024 / 2025,"September 29th, 2025",NGUYEN VAN HOA,ROBUSTA,Completed,Natural / Dry,8.0,7.92,7.83,7.92,7.92,7.92,10.0,10.0,7.92,7.92,0.0,83.33,12.1 %,0 full defects,0,Blue-Green,0 full defects,,"September 29th, 2026",STONE VILLAGE LAB VIETNAM,THỊ TRẤN MĂNG ĐEN,STONE VILLAGE LAB VIETNAM - 0966005189
Vietnam,X - Robusta,1,Dry Mill,,Công ty TNHH Đầu Tư và Phát Triển FAMEKA,700,"Gia Lai, Viet Nam",Công ty TNHH Đầu Tư và Phát Triển FAMEKA,1,2 kg,Vietnam Commodity Control & Certification Joint Stock Company (VCC&C),2024 / 2025,"May 22nd, 2025",HOANG THUY,,Completed,Natural / Dry,8.33,7.92,7.83,7.83,7.83,7.83,10.0,10.0,7.83,7.83,0.0,83.25,11 %,0 full defects,0,Yellow-Green,2 full defects,,"May 22nd, 2026",Vietnam Commodity Control & Certification Joint Stock Company (VCC&C),"1 G Dinh Bo Linh Street, 15 ward, Binh Thanh District, Ho Chi Minh City","Hai,Tran Quang. - 84 8 98 967 8708"
Vietnam,EaTan Cooperative,H1,Dry,,SIMEXCO DAKLAK LTD,850,Đắk Lắk,Hợp tác xã Ea Tân,28,60 kg,STONE VILLAGE LAB VIETNAM,2024 / 2025,"September 29th, 2025",Simexco DakLak,Tr9,Completed,Pulped natural / honey,8.0,7.83,7.92,7.75,7.92,8.0,10.0,10.0,7.92,7.92,0.0,83.25,12 %,0 full defects,0,Blue-Green,0 full defects,,"September 29th, 2026",STONE VILLAGE LAB VIETNAM,THỊ TRẤN MĂNG ĐEN,STONE VILLAGE LAB VIETNAM - 0966005189
Vietnam,NGON AVATAR,HN01,dry mill,,stone village lab,800,Gia Lai,NGON AVATAR,2,2 kg,STONE VILLAGE LAB VIETNAM,2024 / 2025,"September 29th, 2025",NGUYEN VAN HOA,TR4,Completed,Pulped natural / honey,8.0,7.83,7.75,7.92,7.92,7.92,10.0,10.0,7.92,8.0,0.0,83.25,12 %,0 full defects,0,Green,0 full defects,,"September 29th, 2026",STONE VILLAGE LAB VIETNAM,THỊ TRẤN MĂNG ĐEN,STONE VILLAGE LAB VIETNAM - 0966005189
Indonesia,Yogi Kurniawan,634,Yes,400067,Yogi Kurniawan,1300,Central Java,Yogi Kurniawan,1,50 kg,EKATA COFFEE CENTER,2020 / 2021,"October 13th, 2025",shameel,Santos,Completed,Natural / Dry,7.75,7.92,7.67,7.67,8.25,8.0,10.0,10.0,8.0,7.92,0.0,83.17,12.3 %,0 full defects,0,greenish,2 full defects,,"October 13th, 2026",EKATA COFFEE CENTER,"321/1, SIRAGUNDA VILLAGE, KASABA HOBLI, MUGTHIHALLI, CHIKKAMAGALURU, KARNATAKA, 577101",Shameel CP // Vivek Kolathai - +919995959888. - +919746845248
Vietnam,Tamba company,TAMBA NATURAL FERMENTED,dry mill,,Tamba company,700-900,Gia Lai,Tamba company,16,60 kg,STONE VILLAGE LAB VIETNAM,2024 / 2025,"May 22nd, 2025",LUU VINH QUANG,ROBUSTA,Completed,Natural / Dry,7.83,7.83,7.92,8.08,7.92,7.92,10.0,10.0,7.83,7.83,0.0,83.17,11.4 %,0 full defects,0,Green,0 full defects,,"May 22nd, 2026",STONE VILLAGE LAB VIETNAM,THỊ TRẤN MĂNG ĐEN,STONE VILLAGE LAB VIETNAM - 0966005189
Thailand,Suwan Padtaisong,1,"Prasatyooyen Ltd. 14°37'47.5""N 103°24'07.3""E",,Prasatyooyen Ltd.,200-476,surin,Treerat Trakoonudomporn,1,2 kg,SOCOF Lab,2025,"May 29th, 2025",Treerat Trakoonnudomporn,,Completed,Natural / Dry,8.0,8.08,8.08,7.83,7.92,7.58,10.0,10.0,7.83,7.75,0.0,83.08,10.8 %,0 full defects,0,Brownish,1 full defects,,"May 29th, 2026",SOCOF Lab,"(Ministry of Roasters)199 Chang Moi , Mueng Chiang Mai, 53000 Thailand",Anuwat Kobnampetch - whatsapp +66 925524446
Vietnam,Bình Đông Farm,R518,Bình Đông Farm,,Binh Dong,900,"Bảo Lâm, Lâm Đồng",Doanh nghiệp tư nhân Trà - Cà Phê Bình Đông,500000,1 kg,HQJ Coffee School,2024 / 2025,"August 18th, 2025",BinhDongFarm,"TR138, xanh lùn, đọt tía",Completed,Washed / Wet,7.92,7.92,7.83,8.0,7.92,7.83,10.0,10.0,7.83,7.83,0.0,83.08,11 %,0 full defects,0,Green,0 full defects,,"August 18th, 2026",HQJ Coffee School,"738 Su Van Hanh Ward 12, District 10 Hochiminh City Vietnam",Sam Choi - +84 906662008
Vietnam,Bình Đông Farm,R136,Bình Đông Farm,,Binh Dong,900,"Bảo Lâm, Lâm Đồng",Doanh nghiệp tư nhân Trà - Cà Phê Bình Đông,500000,1 kg,HQJ Coffee School,2024 / 2025,"August 18th, 2025",BinhDongFarm,TR138 - High quality,Completed,Washed / Wet,7.83,7.92,7.83,7.92,8.0,7.83,10.0,10.0,7.83,7.83,0.0,83.0,11 %,0 full defects,0,Green,0 full defects,,"August 18th, 2026",HQJ Coffee School,"738 Su Van Hanh Ward 12, District 10 Hochiminh City Vietnam",Sam Choi - +84 906662008
Vietnam,Bình Đông Farm,R531,Bình Đông Farm,,Binh Dong,900,"Bảo Lâm, Lâm Đồng",Doanh nghiệp tư nhân Trà - Cà Phê Bình Đông,500000,1 kg,HQJ Coffee School,2024 / 2025,"August 18th, 2025",BinhDongFarm,Xanh lùn - Premium,Completed,Washed / Wet,7.83,7.83,7.83,7.92,7.83,7.92,10.0,10.0,7.92,7.92,0.0,83.0,11 %,0 full defects,0,Green,0 full defects,,"August 18th, 2026",HQJ Coffee School,"738 Su Van Hanh Ward 12, District 10 Hochiminh City Vietnam",Sam Choi - +84 906662008
Vietnam,Suối Ngang Coffee,Thôn Đắk Kim xã Đắk Lao huyện Đắk Mil tỉnh Đắk Nông,Suối Ngangcoffee,,TAI DUC SERVICE AND TRADING COMPANY LIMITED,650,Thôn Đắk Kim xã Đắk Lao huyện Đắk Mil tỉnh Đắk Nông,Suối Ngang Coffee,2,1 kg,STONE VILLAGE LAB VIETNAM,2024 / 2025,"May 19th, 2025",suoingangcoffee,"Giống hỗn hợp (TR4, sẻ, dây)",Completed,Pulped natural / honey,7.75,7.83,7.75,7.92,7.92,8.0,10.0,10.0,7.83,7.83,0.0,82.83,12.4 %,0 full defects,0,Blue-Green,0 full defects,,"May 19th, 2026",STONE VILLAGE LAB VIETNAM,THỊ TRẤN MĂNG ĐEN,STONE VILLAGE LAB VIETNAM - 0966005189
Vietnam,Future Farm,Robusta full washed - Future Farm 2025,Dry Mill,,FUTURE COFFEE FARM -VIỆT NAM,800 - 900,Bảo Lộc - Lâm Đồng,Nguyễn Văn Tới,20,50 kg,STONE VILLAGE LAB VIETNAM,2024 / 2025,"August 7th, 2025",NGUYEN VAN TOI,138,Completed,Washed / Wet,7.75,7.83,7.83,7.83,7.83,7.92,10.0,10.0,7.83,7.83,0.0,82.67,11.6 %,0 full defects,0,Green,0 full defects,,"August 7th, 2026",STONE VILLAGE LAB VIETNAM,THỊ TRẤN MĂNG ĐEN,STONE VILLAGE LAB VIETNAM - 0966005189
Thailand,Bahoi Estate,B,Dry Mill,,Innovative Coffee,200,Songkhla,Sabayoi Coffee Processing Community Enterprise,1,2 kg,Specialty Coffee Institute of Thailand,2024 / 2025,"June 11th, 2025",Innovative Coffee,,Completed,Natural / Dry,7.83,7.75,7.83,7.83,7.92,7.83,10.0,10.0,7.83,7.83,0.0,82.67,8.8 %,0 full defects,0,Yellow-Green,0 full defects,,"June 11th, 2026",Specialty Coffee Institute of Thailand,"No.76-82 Satri Wittaya 2 Soi 6, Ladplao, Bangkok 10230 Thailand","Rinlapat Siwachairot - +66 2 118 0811, +66 926462492"
Vietnam,Thanh An coffe fram,1,green bean,,công ty tnhh mtv trà và cà phê thanh an,840,"bảo lộc, lâm đồng, việt nam",Vũ Động Lực,5,60 kg,Vietnam Commodity Control & Certification Joint Stock Company (VCC&C),2024 / 2025,"April 7th, 2025",vũ động lực,TAF038,Completed,Natural / Dry,8.33,8.08,7.75,7.67,7.67,7.67,10.0,10.0,7.75,7.75,0.0,82.67,11.2 %,0 full defects,0,Brownish,1 full defects,,"April 7th, 2026",Vietnam Commodity Control & Certification Joint Stock Company (VCC&C),"1 G Dinh Bo Linh Street, 15 ward, Binh Thanh District, Ho Chi Minh City","Hai,Tran Quang. - 84 8 98 967 8708"
Vietnam,Nghĩa Farm,R897,Nghĩa Farm,,nghiafarm,880,Thôn 5 - Xã Nghĩa Hưng - Huyện Chư Pah - Tỉnh Gia Lai,Nguyễn Thị Thu Thảo,10000,1 kg,HQJ Coffee School,2024 / 2025,"August 18th, 2025",Nguyen Thi Thu Thao,TR4,Completed,Washed / Wet,7.83,7.83,7.83,7.83,7.92,7.83,10.0,10.0,7.75,7.75,0.0,82.58,11 %,0 full defects,0,Green,0 full defects,,"August 18th, 2026",HQJ Coffee School,"738 Su Van Hanh Ward 12, District 10 Hochiminh City Vietnam",Sam Choi - +84 906662008
Vietnam,Công ty TNHH MEGARDEN COFFEE,R852,Công ty TNHH MEGARDEN COFFEE,,MeGarden Coffee,600,"Thôn 4, Xã Đắk Miu, TP Gia Nghĩa, Đắk Nông",Vũ Thành An,20000,1 kg,HQJ Coffee School,2024 / 2025,"August 18th, 2025",MeGarden Coffee,Mix,Completed,Natural / Dry,7.67,7.92,7.83,7.92,7.83,7.83,10.0,10.0,7.75,7.75,0.0,82.5,11 %,0 full defects,0,Green,0 full defects,,"August 18th, 2026",HQJ Coffee School,"738 Su Van Hanh Ward 12, District 10 Hochiminh City Vietnam",Sam Choi - +84 906662008
Cambodia,MALLIKA,MALLIKA Lot #1130,MALLIKA,,Paul Coffee & Roastery Lab,500,Mondulkiri,Oung Vuch Chhe,10,60 kg,Taiwan Coffee Laboratory 台灣咖啡研究室,2024 / 2025,"September 3rd, 2025","HSU,PO-HAN 許博涵",TR4,Completed,Natural / Dry,7.83,7.83,8.0,7.75,7.83,7.58,10.0,10.0,7.67,7.83,0.0,82.33,11.1 %,0 full defects,2,Yellow-Green,5 full defects,,"September 3rd, 2026",Taiwan Coffee Laboratory 台灣咖啡研究室,"QAHWAH CO., LTD 4F, No. 225, Sec. 3, Beixin Rd., Xindian Dist. New Taipei City, Taiwan","Lin, Jen-An Neil 林仁安 - 886-289116612"
Vietnam,8Ro Company,R801,8Ro Company,,8RoCompany,800,"Quảng Tín, Đăk Rlấp, Đắk Nông",Đinh Tiên Bảo San,25000,1 kg,HQJ Coffee School,2024 / 2025,"August 18th, 2025",Đinh Tiên Bảo San,Mix,Completed,Natural / Dry,8.08,7.75,7.67,7.92,7.75,7.67,10.0,10.0,7.67,7.67,0.0,82.17,11 %,0 full defects,0,Green,0 full defects,,"August 18th, 2026",HQJ Coffee School,"738 Su Van Hanh Ward 12, District 10 Hochiminh City Vietnam",Sam Choi - +84 906662008
Vietnam,ARA FARM VƯỜN HOÀNG LUẬN,TT01,dry mill,,Total feeling coffee,550,"HUONG PHUNG, HUONG HOA, QUANG TRI",ARA FARM VƯỜN HOÀNG LUẬN,20,60 kg,STONE VILLAGE LAB VIETNAM,2024 / 2025,"June 26th, 2025",NGUYEN VAN HOA,Robusta Sẻ,Completed,Natural / Dry,7.75,7.67,7.75,7.92,7.75,7.75,10.0,10.0,7.75,7.75,0.0,82.08,11.4 %,0 full defects,0,Bluish-Green,0 full defects,,"June 26th, 2026",STONE VILLAGE LAB VIETNAM,THỊ TRẤN MĂNG ĐEN,STONE VILLAGE LAB VIETNAM - 0966005189
Vietnam,Blutani Farm,2025,14 xóm 1 thôn 7 xã tân châu huyện di linh tỉnh lâm đồng,,Blutani farm,1020,vietnam,Nguyen Thanh Tai,1,2 kg,HQJ Coffee School,2024 / 2025,"April 7th, 2025",Trung Nguyen Quoc,,Completed,Natural / Dry,7.75,7.83,7.67,7.92,7.83,7.58,10.0,10.0,7.75,7.75,0.0,82.08,10.4 %,0 full defects,0,Green,0 full defects,,"April 7th, 2026",HQJ Coffee School,"738 Su Van Hanh Ward 12, District 10 Hochiminh City Vietnam",Sam Choi - +84 906662008
Thailand,Grandma Was ่s Diversified Garden,C237,9.8,,Grandma Was' s Diversified Garden,12,Southern region of Thailand,Pavadee Thongbunchoo,1,10 kg,Specialty Coffee Institute of Thailand,2023 / 2024,"November 7th, 2024",Pavadee Thongbunchoo,,Completed,Natural / Dry,8.0,7.92,7.67,7.67,7.75,7.58,10.0,10.0,7.58,7.58,0.0,81.75,9.8 %,0 full defects,0,yellowish,0 full defects,,"November 7th, 2025",Specialty Coffee Institute of Thailand,"No.76-82 Satri Wittaya 2 Soi 6, Ladplao, Bangkok 10230 Thailand","Rinlapat Siwachairot - +66 2 118 0811, +66 926462492"
Vietnam,NGON AVATAR,NA1,dry mill,,stone village lab,820-830,Gia Lai,NGON AVATAR,2,2 kg,STONE VILLAGE LAB VIETNAM,2024 / 2025,"September 29th, 2025",NGUYEN VAN HOA,,Completed,Natural / Dry,7.67,7.58,7.67,7.67,7.75,7.75,10.0,10.0,7.75,7.75,0.0,81.58,11.7 %,0 full defects,0,Blue-Green,0 full defects,,"September 29th, 2026",STONE VILLAGE LAB VIETNAM,THỊ TRẤN MĂNG ĐEN,STONE VILLAGE LAB VIETNAM - 0966005189
Vietnam,Út Cưng Farm,69,Út Cưng,,Ba Cham Ka Matcha and Coffee,900,"Di Linh, Lâm Đồng",Lê Văn Duy,10,50 kg,STONE VILLAGE LAB VIETNAM,2020 / 2021,"August 13th, 2025",Vu Truong Giang,,Completed,,7.83,7.75,7.67,7.58,7.67,7.75,10.0,10.0,7.58,7.67,0.0,81.5,11.8 %,0 full defects,0,Blue-Green,0 full defects,,"August 13th, 2026",STONE VILLAGE LAB VIETNAM,THỊ TRẤN MĂNG ĐEN,STONE VILLAGE LAB VIETNAM - 0966005189
India,Papakuchi Coffee,14/1593/2025/001,Laxmi Coffee curing works,14/1593/2025/001,"Saka no Tochu Co., Ltd.",1040,"Western Ghāts, Karnataka",Pavan,200,30 kg,SNOW BEANS .LAB,2024 / 2025,"May 5th, 2025",Saya Miyazaki,Perdenia,Completed,Washed / Wet,7.67,7.67,7.67,7.75,7.75,7.58,10.0,10.0,7.67,7.67,0.0,81.42,10.6 %,0 full defects,0,Greenish,3 full defects,,"May 5th, 2026",SNOW BEANS .LAB,"UNDER FOREST 1F 5-19-18 Morishita, Koto-Ku, Tokyo, 135-0004, JAPAN",Nara Byun -
India,Sethuraman Estate,14/1148/2024/11 Jenumara (Honey Tree) Block,Kaapi Royale,14/1148/2024/11,Kaapi Royale,2870,"Magundi,Badra River Belt,Chikmagalur",Kaapi Royale,250,60 kg,NKG Quality Service (a division of Bernhard Rothfos Intercafé AG),2024 / 2025,"November 7th, 2024",Nishant Gurjer,SLN 274 Variety,Completed,Washed / Wet,7.75,7.5,7.5,7.83,7.75,7.67,10.0,10.0,7.58,7.67,0.0,81.25,14.2 %,0 full defects,2,Green,6 full defects,,"November 7th, 2025",NKG Quality Service (a division of Bernhard Rothfos Intercafé AG),"Bahnhofstrasse 22 6300 Zug, Switzerland",Catherine Queiroz - +41 41 728 72 81
Vietnam,Dapan Farm,R247,Dapan Farm,,Công Ty Tnhh Cà Phê Chất Lượng Cao Dapan Tây Nguyên,870,"Thôn 14, Xã Đambri, Thành phố Bảo Lộc, Tỉnh Lâm Đồng",Lâm Văn Phú,20000,1 kg,HQJ Coffee School,2024 / 2025,"August 18th, 2025",Công ty tnhh Cà Phê Chất Lượng Dapan Tây Nguyên,Robusta Sẻ (30 năm),Completed,Natural / Dry,7.58,7.67,7.67,7.58,7.67,7.67,10.0,10.0,7.67,7.67,0.0,81.17,11 %,0 full defects,0,Green,0 full defects,,"August 18th, 2026",HQJ Coffee School,"738 Su Van Hanh Ward 12, District 10 Hochiminh City Vietnam",Sam Choi - +84 906662008
India,Papakuchi Coffee,14/1593/2025/002,Laxmi Coffee curing works,14/1593/2025/002,"Saka no Tochu Co., Ltd.",1040,"Western Ghāts, Karnataka",Pavan,166,30 kg,SNOW BEANS .LAB,2024 / 2025,"May 5th, 2025",Saya Miyazaki,Perdenia,Completed,Natural / Dry,7.58,7.58,7.67,7.58,7.67,7.67,10.0,10.0,7.67,7.75,0.0,81.17,11.2 %,0 full defects,0,Yellow-Green,6 full defects,,"May 5th, 2026",SNOW BEANS .LAB,"UNDER FOREST 1F 5-19-18 Morishita, Koto-Ku, Tokyo, 135-0004, JAPAN",Nara Byun -
Vietnam,HAYA BEAN,HAYA H1,dry mill,,HAYA BEAN,700-900,Gia Lai,HAYA BEAN,383,60 kg,STONE VILLAGE LAB VIETNAM,2024 / 2025,"June 11th, 2025",namyangcoopvn,ROBUSTA,Completed,Pulped natural / honey,7.67,7.58,7.67,7.58,7.58,7.58,10.0,10.0,7.67,7.67,0.0,81.0,11.6 %,0 full defects,1,Blue-Green,1 full defects,,"June 11th, 2026",STONE VILLAGE LAB VIETNAM,THỊ TRẤN MĂNG ĐEN,STONE VILLAGE LAB VIETNAM - 0966005189
India,Highrange Agricultural Society,74,Highrange Agricultural Society,014/1190/2024/74,Azul Kaffee GmbH & Co. KG,800-1000,Kerala,Highrange Agricultural Society,100,60 kg,NKG Quality Service (a division of Bernhard Rothfos Intercafé AG),2023 / 2024,"May 20th, 2025",Yadwinder Sangha,Cofea Canephora,Completed,Natural / Dry,7.83,7.75,7.67,7.75,7.75,7.67,9.33,10.0,7.5,7.67,0.0,80.92,12.4 %,0 full defects,0,Brownish,7 full defects,,"May 20th, 2026",NKG Quality Service (a division of Bernhard Rothfos Intercafé AG),"Bahnhofstrasse 22 6300 Zug, Switzerland",Catherine Queiroz - +41 41 728 72 81
Thailand,Baan Khong Kua Estate,A,Dry Mill,,Innovative Coffee,100,Songkhla,Baan Khong Kua Rattaphum Community Enterprise,1,2 kg,Specialty Coffee Institute of Thailand,2020 / 2021,"June 11th, 2025",Innovative Coffee,,Completed,Natural / Dry,7.67,7.58,7.58,7.5,7.5,7.58,10.0,10.0,7.67,7.58,0.0,80.67,10.8 %,0 full defects,0,Pale Yellow,0 full defects,,"June 11th, 2026",Specialty Coffee Institute of Thailand,"No.76-82 Satri Wittaya 2 Soi 6, Ladplao, Bangkok 10230 Thailand","Rinlapat Siwachairot - +66 2 118 0811, +66 926462492"
India,Sethuraman Estate,14/1148/2024/02 Boundary Block,Kaapi Royale,14/1148/2024/02,Kaapi Royale,2950,"Magundi,Badra River Belt,Chikmagalur",Kaapi Royale,320,60 kg,NKG Quality Service (a division of Bernhard Rothfos Intercafé AG),2024,"November 7th, 2024",Nishant Gurjer,CXR VARIETY,Completed,Washed / Wet,7.58,7.42,7.5,7.75,7.75,7.42,10.0,10.0,7.5,7.5,0.0,80.42,13.9 %,0 full defects,1,Green,4 full defects,,"November 7th, 2025",NKG Quality Service (a division of Bernhard Rothfos Intercafé AG),"Bahnhofstrasse 22 6300 Zug, Switzerland",Catherine Queiroz - +41 41 728 72 81
Brazil,LAGOA DA MATA,RS871/24,DRY,002-2020-0022,Kimbo S.P.A.,232,Matas de Rondônia,Ediana Capich,4,60 kg,IMPERATOR SRL - Green Trading Company,2019 / 2020,"November 20th, 2024",alessandro marconicchio,Clonal R15,Completed,FERMENTATION,7.67,7.67,7.42,7.58,7.58,7.42,10.0,10.0,7.5,7.5,0.0,80.33,11.7 %,2 full defects,0,Brownish,10 full defects,,"November 20th, 2025",IMPERATOR SRL - Green Trading Company,"IMPERATOR SRL, CAMPO DEL BELVEDERE 6",Alberto Polojac - 0039 040 3720115
India,Papakuchi Coffee,14/1593/2025/003,Laxmi Coffee curing works,14/1593/2025/003,"Saka no Tochu Co., Ltd.",1040,"Western Ghāts, Karnataka",Pavan,60,30 kg,SNOW BEANS .LAB,2024 / 2025,"May 5th, 2025",Saya Miyazaki,Perdenia,Completed,Anaerobic Honey,7.58,7.5,7.42,7.5,7.42,7.33,10.0,10.0,7.58,7.5,0.0,79.83,10.3 %,0 full defects,0,yellow-green,0 full defects,,"May 5th, 2026",SNOW BEANS .LAB,"UNDER FOREST 1F 5-19-18 Morishita, Koto-Ku, Tokyo, 135-0004, JAPAN",Nara Byun -
Vietnam,Buôn's Coffee Farm,1112,Buôn's Coffee Farm,,Buôn's Coffee Farm,550,Buôn Ma Thuột - Đắk Lắk,Buôn's Coffee Farm,15,30 kg,HQJ Coffee School,2024 / 2025,"April 7th, 2025",Văn Hướng,TR4,Completed,Anaerobic Natural,7.42,7.25,7.17,7.5,7.67,7.17,10.0,10.0,7.33,7.17,0.0,78.67,12.3 %,0 full defects,0,Green,0 full defects,,"April 7th, 2026",HQJ Coffee School,"738 Su Van Hanh Ward 12, District 10 Hochiminh City Vietnam",Sam Choi - +84 906662008
Brazil,FAZENDA SELVA CAFÉ,RS870/24,wet mill,002-2020-0022,Kimbo S.P.A.,200,Matas de Rondônia,Juan Travain,1,60 kg,IMPERATOR SRL - Green Trading Company,2023 / 2024,"November 20th, 2024",alessandro marconicchio,CLONAL R15,Completed,Washed / Wet,7.25,7.25,7.08,7.08,7.08,7.33,10.0,10.0,7.17,7.25,0.0,77.5,10.6 %,0 full defects,0,Pale-yellow,2 full defects,,"November 20th, 2025",IMPERATOR SRL - Green Trading Company,"IMPERATOR SRL, CAMPO DEL BELVEDERE 6",Alberto Polojac - 0039 040 3720115
Brazil,CHÁCARA PARANÁ,RS869/24,DRY,002-2020-0022,Kimbo S.P.A.,232,Matas de rondonia,Poliana Perrut de lima,1,60 kg,IMPERATOR SRL - Green Trading Company,2023 / 2024,"November 20th, 2024",alessandro marconicchio,Clonal R15,Completed,Natural / Dry,7.0,7.17,7.17,6.92,7.08,7.25,10.0,10.0,7.0,7.25,0.0,76.83,10.6 %,0 full defects,0,Brownish,2 full defects,,"November 20th, 2025",IMPERATOR SRL - Green Trading Company,"IMPERATOR SRL, CAMPO DEL BELVEDERE 6",Alberto Polojac - 0039 040 3720115
India,Harley Estate,India Parchment AB harley estate,wet mill,14/2629/2023/03,Kimbo S.P.A.,900-1000,Manjarabad,Harley Estate,5,60 kg,IMPERATOR SRL - Green Trading Company,2022 / 2023,"November 20th, 2024",alessandro marconicchio,SNL 274,Completed,Washed / Wet,7.25,6.67,6.83,6.67,6.67,7.0,10.0,10.0,6.92,6.83,0.0,74.83,10.8 %,0 full defects,0,Pale-yellow,0 full defects,,"November 20th, 2025",IMPERATOR SRL - Green Trading Company,"IMPERATOR SRL, CAMPO DEL BELVEDERE 6",Alberto Polojac - 0039 040 3720115
India,Kaimbatta Estate,India Kaapi Roayale A screen 17 Kodagu,wet mill,014/1616/2023/146,Kimbo S.P.A.,900,Coorg,Kaimbatta Estate,5,60 kg,IMPERATOR SRL - Green Trading Company,2022 / 2023,"November 20th, 2024",alessandro marconicchio,Paradenya,Completed,Washed / Wet,7.17,6.75,6.67,6.67,6.67,6.58,10.0,10.0,6.58,6.83,0.0,73.92,9.3 %,0 full defects,0,Green,4 full defects,,"November 20th, 2025",IMPERATOR SRL - Green Trading Company,"IMPERATOR SRL, CAMPO DEL BELVEDERE 6",Alberto Polojac - 0039 040 3720115
